{"cameraMode":{"drawMode":0,"name":"Shaded","section":"Shading Mode"},"sceneLighting":true,"audioPlay":false,"sceneViewState":{"showFog":true,"showMaterialUpdate":false,"showSkybox":true,"showFlares":true,"showImageEffects":true,"showParticleSystems":true},"in2DMode":false,"pivot":{"x":477.02069091796877,"y":129.2197723388672,"z":4.695807933807373},"rotation":{"x":0.06176815554499626,"y":-0.007803735323250294,"z":0.00047615327639505267,"w":0.9980599284172058},"size":1358.980224609375,"orthographic":false}