{"cameraMode":{"drawMode":0,"name":"Shaded","section":"Shading Mode"},"sceneLighting":true,"audioPlay":false,"sceneViewState":{"showFog":true,"showMaterialUpdate":false,"showSkybox":true,"showFlares":true,"showImageEffects":true,"showParticleSystems":true},"in2DMode":false,"pivot":{"x":30.855525970458986,"y":3.133869171142578,"z":69.00387573242188},"rotation":{"x":0.28857749700546267,"y":-0.27658647298812868,"z":0.08746761828660965,"w":0.9124540090560913},"size":124.72245788574219,"orthographic":false}