{"cameraMode":{"drawMode":0,"name":"Shaded","section":"Shading Mode"},"sceneLighting":true,"audioPlay":false,"sceneViewState":{"showFog":true,"showMaterialUpdate":false,"showSkybox":true,"showFlares":true,"showImageEffects":true,"showParticleSystems":true},"in2DMode":false,"pivot":{"x":9.674131393432618,"y":-6.035128116607666,"z":37.23786926269531},"rotation":{"x":-0.2775347828865051,"y":-0.2630530297756195,"z":0.07930874824523926,"w":-0.9205909371376038},"size":19.944913864135743,"orthographic":false}